{"cameraMode":{"drawMode":0,"name":"Shaded","section":"Shading Mode"},"sceneLighting":false,"audioPlay":false,"sceneViewState":{"showFog":true,"showMaterialUpdate":false,"showSkybox":true,"showFlares":true,"showImageEffects":true,"showParticleSystems":true},"in2DMode":false,"pivot":{"x":2177.820068359375,"y":1140.741455078125,"z":-26.799091339111329},"rotation":{"x":0.4899938702583313,"y":-0.057457029819488528,"z":0.0323873870074749,"w":0.8692271709442139},"size":2582.35107421875,"orthographic":false}