{"cameraMode":{"drawMode":0,"name":"Shaded","section":"Shading Mode"},"sceneLighting":false,"audioPlay":false,"sceneViewState":{"showFog":true,"showMaterialUpdate":false,"showSkybox":true,"showFlares":true,"showImageEffects":true,"showParticleSystems":true},"in2DMode":false,"pivot":{"x":0.11000001430511475,"y":1.0799999237060547,"z":-7.090000152587891},"rotation":{"x":-0.182980015873909,"y":0.6262893676757813,"z":-0.1544651985168457,"w":-0.7419033050537109},"size":8.083316802978516,"orthographic":false}