{"cameraMode":{"drawMode":0,"name":"Shaded","section":"Shading Mode"},"sceneLighting":false,"audioPlay":false,"sceneViewState":{"showFog":true,"showMaterialUpdate":false,"showSkybox":true,"showFlares":true,"showImageEffects":true,"showParticleSystems":true},"in2DMode":false,"pivot":{"x":3.109999656677246,"y":1.0799999237060547,"z":4.909999847412109},"rotation":{"x":0.5936138033866882,"y":-0.10988784581422806,"z":0.08226453512907028,"w":0.7929564714431763},"size":9.5423002243042,"orthographic":false}