{"cameraMode":{"drawMode":0,"name":"Shaded","section":"Shading Mode"},"sceneLighting":false,"audioPlay":false,"sceneViewState":{"showFog":true,"showMaterialUpdate":false,"showSkybox":true,"showFlares":true,"showImageEffects":true,"showParticleSystems":true},"in2DMode":false,"pivot":{"x":4.977043151855469,"y":1.775681972503662,"z":3.7635982036590578},"rotation":{"x":-0.17593221366405488,"y":0.6941685676574707,"z":-0.1811819225549698,"w":-0.6740556359291077},"size":2.5416581630706789,"orthographic":false}