{"cameraMode":{"drawMode":0,"name":"Shaded","section":"Shading Mode"},"sceneLighting":false,"audioPlay":false,"sceneViewState":{"showFog":true,"showMaterialUpdate":false,"showSkybox":true,"showFlares":true,"showImageEffects":true,"showParticleSystems":true},"in2DMode":false,"pivot":{"x":-0.262766033411026,"y":0.4946821928024292,"z":0.004614097997546196},"rotation":{"x":-0.182980015873909,"y":0.6262893676757813,"z":-0.1544651985168457,"w":-0.7419033050537109},"size":4.8900065422058109,"orthographic":false}