{"cameraMode":{"drawMode":0,"name":"Shaded","section":"Shading Mode"},"sceneLighting":false,"audioPlay":false,"sceneViewState":{"showFog":true,"showMaterialUpdate":false,"showSkybox":true,"showFlares":true,"showImageEffects":true,"showParticleSystems":true},"in2DMode":false,"pivot":{"x":0.18455663323402406,"y":-0.8065752387046814,"z":1.1973488330841065},"rotation":{"x":0.5936138033866882,"y":-0.10988784581422806,"z":0.08226453512907028,"w":0.7929564714431763},"size":7.878320217132568,"orthographic":false}