{"cameraMode":{"drawMode":0,"name":"Shaded","section":"Shading Mode"},"sceneLighting":false,"audioPlay":false,"sceneViewState":{"showFog":true,"showMaterialUpdate":false,"showSkybox":true,"showFlares":true,"showImageEffects":true,"showParticleSystems":true},"in2DMode":false,"pivot":{"x":-5.59684419631958,"y":3.1549949645996095,"z":4.550411224365234},"rotation":{"x":0.5936138033866882,"y":-0.10988784581422806,"z":0.08226453512907028,"w":0.7929564714431763},"size":13.127498626708985,"orthographic":false}