{"cameraMode":{"drawMode":0,"name":"Shaded","section":"Shading Mode"},"sceneLighting":false,"audioPlay":false,"sceneViewState":{"showFog":true,"showMaterialUpdate":false,"showSkybox":true,"showFlares":true,"showImageEffects":true,"showParticleSystems":true},"in2DMode":false,"pivot":{"x":-0.15054047107696534,"y":0.369502991437912,"z":0.2720964848995209},"rotation":{"x":-0.182980015873909,"y":0.6262893676757813,"z":-0.1544651985168457,"w":-0.7419033050537109},"size":2.8031840324401857,"orthographic":false}