{"cameraMode":{"drawMode":0,"name":"Shaded","section":"Shading Mode"},"sceneLighting":false,"audioPlay":false,"sceneViewState":{"showFog":true,"showMaterialUpdate":false,"showSkybox":true,"showFlares":true,"showImageEffects":true,"showParticleSystems":true},"in2DMode":false,"pivot":{"x":0.389366090297699,"y":-0.9027904272079468,"z":0.9146381616592407},"rotation":{"x":0.5936138033866882,"y":-0.10988784581422806,"z":0.08226453512907028,"w":0.7929564714431763},"size":9.492607116699219,"orthographic":false}