{"cameraMode":{"drawMode":0,"name":"Shaded","section":"Shading Mode"},"sceneLighting":false,"audioPlay":false,"sceneViewState":{"showFog":true,"showMaterialUpdate":false,"showSkybox":true,"showFlares":true,"showImageEffects":true,"showParticleSystems":true},"in2DMode":false,"pivot":{"x":-5.889999866485596,"y":1.0799999237060547,"z":4.909999847412109},"rotation":{"x":0.37340813875198367,"y":-0.29518356919288638,"z":0.12665331363677979,"w":0.8702827095985413},"size":7.693353652954102,"orthographic":false}