{"cameraMode":{"drawMode":0,"name":"Shaded","section":"Shading Mode"},"sceneLighting":false,"audioPlay":false,"sceneViewState":{"showFog":true,"showMaterialUpdate":false,"showSkybox":true,"showFlares":true,"showImageEffects":true,"showParticleSystems":true},"in2DMode":false,"pivot":{"x":0.08168523758649826,"y":-0.7949716448783875,"z":1.2094165086746216},"rotation":{"x":0.5936138033866882,"y":-0.10988784581422806,"z":0.08226453512907028,"w":0.7929564714431763},"size":6.761239528656006,"orthographic":false}